funcao_objetivo;problema;modelo;ordem_sol
56;ID000_M003_J004;minla_fav;1
51;ID000_M003_J004;minla_fav;2
29;ID000_M003_J004;minla_fav;3
31;ID000_M003_J004;minla_fav;4
69;ID000_M003_J004;manne;1
51;ID000_M003_J004;manne;2
29.000000000000004;ID000_M003_J004;manne;3
33;ID000_M003_J004;manne;4
77;ID000_M003_J005;minla_fav;1
69;ID000_M003_J005;minla_fav;2
33;ID000_M003_J005;minla_fav;3
69;ID000_M003_J005;manne;1
38;ID000_M003_J005;manne;2
33;ID000_M003_J005;manne;3
37;ID000_M003_J005;manne;4
33;ID000_M003_J005;manne;1
1242;ID000_M015_J015;minla_fav;1
1257.9999999999995;ID000_M015_J015;minla_fav;2
1231;ID000_M015_J015;minla_fav;3
1584;ID000_M015_J015;minla_fav;4
1225;ID000_M015_J015;minla_fav;5
1212;ID000_M015_J015;minla_fav;6
1282;ID000_M015_J015;minla_fav;7
1221;ID000_M015_J015;minla_fav;8
1232;ID000_M015_J015;minla_fav;9
1567;ID000_M015_J015;minla_fav;10
1266;ID000_M015_J015;minla_fav;11
1386;ID000_M015_J015;minla_fav;12
1210;ID000_M015_J015;minla_fav;13
1234;ID000_M015_J015;minla_fav;14
1259;ID000_M015_J015;minla_fav;15
1226;ID000_M015_J015;minla_fav;16
1244;ID000_M015_J015;minla_fav;17
1281;ID000_M015_J015;minla_fav;18
1299;ID000_M015_J015;minla_fav;19
9543;ID000_M015_J015;minla_fav;20
1294.9999999910001;ID000_M015_J015;minla_fav;21
1302;ID000_M015_J015;minla_fav;22
1254;ID000_M015_J015;minla_fav;23
1269;ID000_M015_J015;minla_fav;24
1251;ID000_M015_J015;minla_fav;25
9538;ID000_M015_J015;minla_fav;26
1248;ID000_M015_J015;minla_fav;27
1387.9999999959982;ID000_M015_J015;minla_fav;28
1374;ID000_M015_J015;minla_fav;29
1549;ID000_M015_J015;minla_fav;30
1632;ID000_M015_J015;minla_fav;31
1301;ID000_M015_J015;minla_fav;32
1249;ID000_M015_J015;minla_fav;33
1563;ID000_M015_J015;minla_fav;34
1366;ID000_M015_J015;minla_fav;35
1220;ID000_M015_J015;minla_fav;36
1297;ID000_M015_J015;minla_fav;37
1286;ID000_M015_J015;minla_fav;38
1283;ID000_M015_J015;minla_fav;39
1452;ID000_M015_J015;minla_fav;40
1271;ID000_M015_J015;minla_fav;41
1261;ID000_M015_J015;minla_fav;42
1612;ID000_M015_J015;minla_fav;43
1279.9999999999995;ID000_M015_J015;minla_fav;44
1265;ID000_M015_J015;minla_fav;45
1435.9999999959982;ID000_M015_J015;minla_fav;46
1242;ID000_M015_J015;minla_fav;47
9406;ID000_M015_J015;minla_fav;48
1227;ID000_M015_J015;minla_fav;49
1292.999999997;ID000_M015_J015;minla_fav;50
1272;ID000_M015_J015;minla_fav;51
1223;ID000_M015_J015;minla_fav;52
1239;ID000_M015_J015;minla_fav;53
1214;ID000_M015_J015;minla_fav;54
1224;ID000_M015_J015;minla_fav;55
1274;ID000_M015_J015;minla_fav;56
1243;ID000_M015_J015;minla_fav;57
1289.9999999940001;ID000_M015_J015;minla_fav;58
1235;ID000_M015_J015;minla_fav;59
1275.9999999999995;ID000_M015_J015;minla_fav;60
1286.9999999950001;ID000_M015_J015;minla_fav;61
1263;ID000_M015_J015;minla_fav;62
1367;ID000_M015_J015;minla_fav;63
1526;ID000_M015_J015;minla_fav;64
1217;ID000_M015_J015;minla_fav;65
1211;ID000_M015_J015;minla_fav;66
1290.9999999940001;ID000_M015_J015;minla_fav;67
1236;ID000_M015_J015;minla_fav;68
1210;ID000_M015_J015;minla_fav;1
1297;ID000_M015_J015;manne;1
1330.999999998;ID000_M015_J015;manne;2
1287;ID000_M015_J015;manne;3
1643.999999835803;ID000_M015_J015;manne;4
1218;ID000_M015_J015;manne;5
1275;ID000_M015_J015;manne;6
1259;ID000_M015_J015;manne;7
1415.9999999999995;ID000_M015_J015;manne;8
1269;ID000_M015_J015;manne;9
1290;ID000_M015_J015;manne;10
1591.9999999809993;ID000_M015_J015;manne;11
1393;ID000_M015_J015;manne;12
1489.9999999960014;ID000_M015_J015;manne;13
1247;ID000_M015_J015;manne;14
1291;ID000_M015_J015;manne;15
1333.999999999;ID000_M015_J015;manne;16
1276;ID000_M015_J015;manne;17
1307;ID000_M015_J015;manne;18
1414;ID000_M015_J015;manne;19
1447.9999999960014;ID000_M015_J015;manne;20
9634.9999999999982;ID000_M015_J015;manne;21
1434.9999999979998;ID000_M015_J015;manne;22
1464.9999999989998;ID000_M015_J015;manne;23
1325.9999999999964;ID000_M015_J015;manne;24
1213;ID000_M015_J015;manne;25
1242;ID000_M015_J015;manne;26
1393;ID000_M015_J015;manne;27
1330.999999998;ID000_M015_J015;manne;28
9542.9999999999982;ID000_M015_J015;manne;29
1230;ID000_M015_J015;manne;30
1320;ID000_M015_J015;manne;31
1209.999999998;ID000_M015_J015;manne;32
1524.9999999959939;ID000_M015_J015;manne;33
1470.9999999849929;ID000_M015_J015;manne;34
1549;ID000_M015_J015;manne;35
1682.0000000000014;ID000_M015_J015;manne;36
1459.9999999929933;ID000_M015_J015;manne;37
1320;ID000_M015_J015;manne;38
1560.9999998358053;ID000_M015_J015;manne;39
1465.9999999959939;ID000_M015_J015;manne;40
1268;ID000_M015_J015;manne;41
1445.9999999810032;ID000_M015_J015;manne;42
1238;ID000_M015_J015;manne;43
1425;ID000_M015_J015;manne;44
1418.9999999969928;ID000_M015_J015;manne;45
1216;ID000_M015_J015;manne;46
1224;ID000_M015_J015;manne;47
1530.9999999960014;ID000_M015_J015;manne;48
1393;ID000_M015_J015;manne;49
1221;ID000_M015_J015;manne;50
1236;ID000_M015_J015;manne;51
1334.999999999;ID000_M015_J015;manne;52
1667.9999998054936;ID000_M015_J015;manne;53
1412;ID000_M015_J015;manne;54
1344;ID000_M015_J015;manne;55
1527.9999999960014;ID000_M015_J015;manne;56
1296;ID000_M015_J015;manne;57
1744.9999999669938;ID000_M015_J015;manne;58
1215.0000000000005;ID000_M015_J015;manne;59
1277;ID000_M015_J015;manne;60
1431.9999999989996;ID000_M015_J015;manne;61
1393;ID000_M015_J015;manne;62
1272;ID000_M015_J015;manne;63
1296;ID000_M015_J015;manne;64
1265;ID000_M015_J015;manne;65
1273;ID000_M015_J015;manne;66
1393;ID000_M015_J015;manne;67
1298;ID000_M015_J015;manne;68
1428.9999998358035;ID000_M015_J015;manne;69
1292;ID000_M015_J015;manne;70
1397;ID000_M015_J015;manne;71
1225.9999999999989;ID000_M015_J015;manne;72
1428;ID000_M015_J015;manne;73
1336.9999999999964;ID000_M015_J015;manne;74
1467.9999999960014;ID000_M015_J015;manne;75
1240;ID000_M015_J015;manne;76
1237;ID000_M015_J015;manne;77
1543.9999999969939;ID000_M015_J015;manne;78
1266;ID000_M015_J015;manne;79
1257;ID000_M015_J015;manne;80
1228;ID000_M015_J015;manne;81
1430;ID000_M015_J015;manne;82
1293;ID000_M015_J015;manne;83
1247;ID001_M015_J015;minla_fav;1
1268;ID001_M015_J015;minla_fav;2
1221.9999999999998;ID001_M015_J015;minla_fav;3
1626;ID001_M015_J015;minla_fav;4
1177;ID001_M015_J015;minla_fav;5
1213.9999999999998;ID001_M015_J015;minla_fav;6
1197;ID001_M015_J015;minla_fav;7
1355;ID001_M015_J015;minla_fav;8
1212;ID001_M015_J015;minla_fav;9
1222;ID001_M015_J015;minla_fav;10
1611.9999998386011;ID001_M015_J015;minla_fav;11
1280.9999999989927;ID001_M015_J015;minla_fav;12
1461.9999998325975;ID001_M015_J015;minla_fav;13
1194;ID001_M015_J015;minla_fav;14
1224;ID001_M015_J015;minla_fav;15
1269;ID001_M015_J015;minla_fav;16
1218;ID001_M015_J015;minla_fav;17
1251;ID001_M015_J015;minla_fav;18
1352;ID001_M015_J015;minla_fav;19
1418;ID001_M015_J015;minla_fav;20
9519;ID001_M015_J015;minla_fav;21
1416;ID001_M015_J015;minla_fav;22
1423.999999999;ID001_M015_J015;minla_fav;23
1265;ID001_M015_J015;minla_fav;24
1193;ID001_M015_J015;minla_fav;25
1283.999999999;ID001_M015_J015;minla_fav;26
1255.9999999969964;ID001_M015_J015;minla_fav;27
9107;ID001_M015_J015;minla_fav;28
1186;ID001_M015_J015;minla_fav;29
1254.9999999979964;ID001_M015_J015;minla_fav;30
1467.9999999940005;ID001_M015_J015;minla_fav;31
1449.9999999940005;ID001_M015_J015;minla_fav;32
1596.9999999940005;ID001_M015_J015;minla_fav;33
8226.9999999869942;ID001_M015_J015;minla_fav;34
1419;ID001_M015_J015;minla_fav;35
1254.9999999979964;ID001_M015_J015;minla_fav;36
1605.9999999940005;ID001_M015_J015;minla_fav;37
1424.9999999939996;ID001_M015_J015;minla_fav;38
1203;ID001_M015_J015;minla_fav;39
1416;ID001_M015_J015;minla_fav;40
1190;ID001_M015_J015;minla_fav;41
1379;ID001_M015_J015;minla_fav;42
1359.0000000000002;ID001_M015_J015;minla_fav;43
1181;ID001_M015_J015;minla_fav;44
1505;ID001_M015_J015;minla_fav;45
1290;ID001_M015_J015;minla_fav;46
1180;ID001_M015_J015;minla_fav;47
1187;ID001_M015_J015;minla_fav;48
1270;ID001_M015_J015;minla_fav;49
1634;ID001_M015_J015;minla_fav;50
1323;ID001_M015_J015;minla_fav;51
1275.9999999989927;ID001_M015_J015;minla_fav;52
1483.999999997;ID001_M015_J015;minla_fav;53
1231;ID001_M015_J015;minla_fav;54
8245.9999999849933;ID001_M015_J015;minla_fav;55
1219;ID001_M015_J015;minla_fav;56
1401;ID001_M015_J015;minla_fav;57
1304.9999999999927;ID001_M015_J015;minla_fav;58
1212.9999999999998;ID001_M015_J015;minla_fav;59
1227;ID001_M015_J015;minla_fav;60
1199;ID001_M015_J015;minla_fav;61
1213;ID001_M015_J015;minla_fav;62
1305.999999999;ID001_M015_J015;minla_fav;63
1250;ID001_M015_J015;minla_fav;64
1387;ID001_M015_J015;minla_fav;65
1225;ID001_M015_J015;minla_fav;66
1309;ID001_M015_J015;minla_fav;67
1184;ID001_M015_J015;minla_fav;68
1387;ID001_M015_J015;minla_fav;69
1275;ID001_M015_J015;minla_fav;70
1425.9999999930017;ID001_M015_J015;minla_fav;71
1191;ID001_M015_J015;minla_fav;72
1187.999999999;ID001_M015_J015;minla_fav;73
1530.999999999;ID001_M015_J015;minla_fav;74
1202;ID001_M015_J015;minla_fav;75
1195.9999999999998;ID001_M015_J015;minla_fav;76
1185;ID001_M015_J015;minla_fav;77
1400;ID001_M015_J015;minla_fav;78
1226;ID001_M015_J015;minla_fav;79
1177;ID001_M015_J015;minla_fav;1
1248;ID001_M015_J015;manne;1
1261;ID001_M015_J015;manne;2
1228;ID001_M015_J015;manne;3
1606;ID001_M015_J015;manne;4
1222;ID001_M015_J015;manne;5
1198;ID001_M015_J015;manne;6
1364.0000000000002;ID001_M015_J015;manne;7
1214;ID001_M015_J015;manne;8
1229;ID001_M015_J015;manne;9
1563.999999999;ID001_M015_J015;manne;10
1267.999999998;ID001_M015_J015;manne;11
1426;ID001_M015_J015;manne;12
1192;ID001_M015_J015;manne;13
1232;ID001_M015_J015;manne;14
1263;ID001_M015_J015;manne;15
1226;ID001_M015_J015;manne;16
1250;ID001_M015_J015;manne;17
1378;ID001_M015_J015;manne;18
1395;ID001_M015_J015;manne;19
9106.9999999999982;ID001_M015_J015;manne;20
1393;ID001_M015_J015;manne;21
1410;ID001_M015_J015;manne;22
1259;ID001_M015_J015;manne;23
1191;ID001_M015_J015;manne;24
1268.9999999999995;ID001_M015_J015;manne;25
1258;ID001_M015_J015;manne;26
1745;ID001_M015_J015;manne;27
1251;ID001_M015_J015;manne;28
1511;ID001_M015_J015;manne;29
1424.0000000000007;ID001_M015_J015;manne;30
1555;ID001_M015_J015;manne;31
1716;ID001_M015_J015;manne;32
1397.0000000000005;ID001_M015_J015;manne;33
1256;ID001_M015_J015;manne;34
1558.999999999;ID001_M015_J015;manne;35
1415;ID001_M015_J015;manne;36
1212.9999999890001;ID001_M015_J015;manne;37
1393;ID001_M015_J015;manne;38
1179;ID001_M015_J015;manne;39
1376.0000000000005;ID001_M015_J015;manne;40
1378;ID001_M015_J015;manne;41
1527;ID001_M015_J015;manne;42
1283;ID001_M015_J015;manne;43
1264;ID001_M015_J015;manne;44
1684;ID001_M015_J015;manne;45
1378;ID001_M015_J015;manne;46
1267.9999999950001;ID001_M015_J015;manne;47
1525.999999996001;ID001_M015_J015;manne;48
1247;ID001_M015_J015;manne;49
1726;ID001_M015_J015;manne;50
1227;ID001_M015_J015;manne;51
1388;ID001_M015_J015;manne;52
1285;ID001_M015_J015;manne;53
1219;ID001_M015_J015;manne;54
1239;ID001_M015_J015;manne;55
1199;ID001_M015_J015;manne;56
1220;ID001_M015_J015;manne;57
1319;ID001_M015_J015;manne;58
1249;ID001_M015_J015;manne;59
1383;ID001_M015_J015;manne;60
1233;ID001_M015_J015;manne;61
1378;ID001_M015_J015;manne;62
1378;ID001_M015_J015;manne;63
1267.999999998;ID001_M015_J015;manne;64
1422.9999999999998;ID001_M015_J015;manne;65
1183;ID001_M015_J015;manne;66
1177;ID001_M015_J015;manne;67
1541;ID001_M015_J015;manne;68
1212;ID001_M015_J015;manne;69
1195;ID001_M015_J015;manne;70
1387;ID001_M015_J015;manne;71
1238;ID001_M015_J015;manne;72
1236.0000000000002;ID002_M015_J015;minla_fav;1
1247;ID002_M015_J015;minla_fav;2
1219;ID002_M015_J015;minla_fav;3
1539;ID002_M015_J015;minla_fav;4
1213;ID002_M015_J015;minla_fav;5
1201;ID002_M015_J015;minla_fav;6
1285.0000000000007;ID002_M015_J015;minla_fav;7
1207;ID002_M015_J015;minla_fav;8
1221;ID002_M015_J015;minla_fav;9
1528;ID002_M015_J015;minla_fav;10
1262;ID002_M015_J015;minla_fav;11
1402.9999999999964;ID002_M015_J015;minla_fav;12
1197;ID002_M015_J015;minla_fav;13
1222;ID002_M015_J015;minla_fav;14
1249;ID002_M015_J015;minla_fav;15
1213;ID002_M015_J015;minla_fav;16
1238;ID002_M015_J015;minla_fav;17
1283.0000000000007;ID002_M015_J015;minla_fav;18
1324.9999999930001;ID002_M015_J015;minla_fav;19
9780;ID002_M015_J015;minla_fav;20
1318.9999999950001;ID002_M015_J015;minla_fav;21
1334;ID002_M015_J015;minla_fav;22
1243;ID002_M015_J015;minla_fav;23
1266;ID002_M015_J015;minla_fav;24
1239;ID002_M015_J015;minla_fav;25
8571;ID002_M015_J015;minla_fav;26
1238.0000000000007;ID002_M015_J015;minla_fav;27
1415.9999999999964;ID002_M015_J015;minla_fav;28
1362.999999995998;ID002_M015_J015;minla_fav;29
1479;ID002_M015_J015;minla_fav;30
1564;ID002_M015_J015;minla_fav;31
1328;ID002_M015_J015;minla_fav;32
1238.9999998617004;ID002_M015_J015;minla_fav;33
1500;ID002_M015_J015;minla_fav;34
1349.9999998617004;ID002_M015_J015;minla_fav;35
1210;ID002_M015_J015;minla_fav;36
1323.9999999950001;ID002_M015_J015;minla_fav;37
1296;ID002_M015_J015;minla_fav;38
1296;ID002_M015_J015;minla_fav;39
1425.999999995998;ID002_M015_J015;minla_fav;40
1270.9999998617004;ID002_M015_J015;minla_fav;41
1253.0000000000005;ID002_M015_J015;minla_fav;42
1560.9999999939898;ID002_M015_J015;minla_fav;43
1282;ID002_M015_J015;minla_fav;44
1260;ID002_M015_J015;minla_fav;45
1422.9999999969991;ID002_M015_J015;minla_fav;46
1230.0000000000002;ID002_M015_J015;minla_fav;47
1601;ID002_M015_J015;minla_fav;48
1215;ID002_M015_J015;minla_fav;49
1318.9999999950001;ID002_M015_J015;minla_fav;50
1277;ID002_M015_J015;minla_fav;51
1211;ID002_M015_J015;minla_fav;52
1229;ID002_M015_J015;minla_fav;53
1203;ID002_M015_J015;minla_fav;54
1212;ID002_M015_J015;minla_fav;55
1278.9999998617004;ID002_M015_J015;minla_fav;56
1237;ID002_M015_J015;minla_fav;57
1318.9999999950001;ID002_M015_J015;minla_fav;58
1225.0000000000002;ID002_M015_J015;minla_fav;59
1279.0000000000007;ID002_M015_J015;minla_fav;60
1296;ID002_M015_J015;minla_fav;61
1254;ID002_M015_J015;minla_fav;62
1349.9999999999986;ID002_M015_J015;minla_fav;63
1432;ID002_M015_J015;minla_fav;64
1203;ID002_M015_J015;minla_fav;65
1198;ID002_M015_J015;minla_fav;66
1318.9999999950001;ID002_M015_J015;minla_fav;67
1227.999999999;ID002_M015_J015;minla_fav;68
1197;ID002_M015_J015;minla_fav;1
1295;ID002_M015_J015;manne;1
1321;ID002_M015_J015;manne;2
1266;ID002_M015_J015;manne;3
1655.9999998147973;ID002_M015_J015;manne;4
1198;ID002_M015_J015;manne;5
1255;ID002_M015_J015;manne;6
1235;ID002_M015_J015;manne;7
1441.9999999999998;ID002_M015_J015;manne;8
1248;ID002_M015_J015;manne;9
1268;ID002_M015_J015;manne;10
1653.9999998187923;ID002_M015_J015;manne;11
1348.0000000000002;ID002_M015_J015;manne;12
1557;ID002_M015_J015;manne;13
1230;ID002_M015_J015;manne;14
1270;ID002_M015_J015;manne;15
1334.9999999840002;ID002_M015_J015;manne;16
1256;ID002_M015_J015;manne;17
1306.0000000000011;ID002_M015_J015;manne;18
1437.9999999999998;ID002_M015_J015;manne;19
1513.9999999949985;ID002_M015_J015;manne;20
8570.9999999999982;ID002_M015_J015;manne;21
1507;ID002_M015_J015;manne;22
1529.9999998187955;ID002_M015_J015;manne;23
1320;ID002_M015_J015;manne;24
1229.0000000000002;ID002_M015_J015;manne;25
1355;ID002_M015_J015;manne;26
1317;ID002_M015_J015;manne;27
7244.9999999659831;ID002_M015_J015;manne;28
1208;ID002_M015_J015;manne;29
1321;ID002_M015_J015;manne;30
1558.9999998187996;ID002_M015_J015;manne;31
1548.9999998187959;ID002_M015_J015;manne;32
1613;ID002_M015_J015;manne;33
1815.9999999999975;ID002_M015_J015;manne;34
1522.9999998187977;ID002_M015_J015;manne;35
1321;ID002_M015_J015;manne;36
1613.9999998187996;ID002_M015_J015;manne;37
1531;ID002_M015_J015;manne;38
1243;ID002_M015_J015;manne;39
1511.9999999949985;ID002_M015_J015;manne;40
1226;ID002_M015_J015;manne;41
1454.0000000000005;ID002_M015_J015;manne;42
1449;ID002_M015_J015;manne;43
1196.9999999920001;ID002_M015_J015;manne;44
1200.9999999999995;ID002_M015_J015;manne;45
1592.9999999999998;ID002_M015_J015;manne;46
1363;ID002_M015_J015;manne;47
1200;ID002_M015_J015;manne;48
1209;ID002_M015_J015;manne;49
1338.9999999990002;ID002_M015_J015;manne;50
1656.9999996335998;ID002_M015_J015;manne;51
1434.999999999;ID002_M015_J015;manne;52
1345.9999999989984;ID002_M015_J015;manne;53
1583.9999998187996;ID002_M015_J015;manne;54
1292;ID002_M015_J015;manne;55
1841.9999999959987;ID002_M015_J015;manne;56
1259;ID002_M015_J015;manne;57
1503;ID002_M015_J015;manne;58
1376.9999999999998;ID002_M015_J015;manne;59
1249.9999999999998;ID002_M015_J015;manne;60
1281;ID002_M015_J015;manne;61
1236;ID002_M015_J015;manne;62
1251;ID002_M015_J015;manne;63
1422.0000000000009;ID002_M015_J015;manne;64
1304.0000000000002;ID002_M015_J015;manne;65
1480;ID002_M015_J015;manne;66
1271;ID002_M015_J015;manne;67
1430.0000000000009;ID002_M015_J015;manne;68
1200.9999999999995;ID002_M015_J015;manne;69
1454.0000000000005;ID002_M015_J015;manne;70
1342.9999999990002;ID002_M015_J015;manne;71
1533.9999999999995;ID002_M015_J015;manne;72
1227;ID002_M015_J015;manne;73
1220;ID002_M015_J015;manne;74
1608;ID002_M015_J015;manne;75
1241;ID002_M015_J015;manne;76
1231.999999998;ID002_M015_J015;manne;77
1203;ID002_M015_J015;manne;78
1480;ID002_M015_J015;manne;79
1272;ID002_M015_J015;manne;80
1197;ID002_M015_J015;manne;1
1206.999999999;ID003_M015_J015;minla_fav;1
1226;ID003_M015_J015;minla_fav;2
1190.0000000000005;ID003_M015_J015;minla_fav;3
1535.9999999850011;ID003_M015_J015;minla_fav;4
1187;ID003_M015_J015;minla_fav;5
1176;ID003_M015_J015;minla_fav;6
1282;ID003_M015_J015;minla_fav;7
1183;ID003_M015_J015;minla_fav;8
1192.0000000000005;ID003_M015_J015;minla_fav;9
1509.999999987002;ID003_M015_J015;minla_fav;10
1244;ID003_M015_J015;minla_fav;11
1358.999999990001;ID003_M015_J015;minla_fav;12
1173.9999999999998;ID003_M015_J015;minla_fav;13
1195;ID003_M015_J015;minla_fav;14
1231.9999999999961;ID003_M015_J015;minla_fav;15
1189;ID003_M015_J015;minla_fav;16
1213;ID003_M015_J015;minla_fav;17
1281;ID003_M015_J015;minla_fav;18
1316.9999999929996;ID003_M015_J015;minla_fav;19
8630;ID003_M015_J015;minla_fav;20
1313;ID003_M015_J015;minla_fav;21
1320;ID003_M015_J015;minla_fav;22
1226;ID003_M015_J015;minla_fav;23
1172;ID003_M015_J015;minla_fav;24
1246;ID003_M015_J015;minla_fav;25
1217;ID003_M015_J015;minla_fav;26
8245;ID003_M015_J015;minla_fav;27
1215;ID003_M015_J015;minla_fav;28
1379.999999986002;ID003_M015_J015;minla_fav;29
1332.9999999830002;ID003_M015_J015;minla_fav;30
1477.0000000000002;ID003_M015_J015;minla_fav;31
1619;ID003_M015_J015;minla_fav;32
1316.999999998;ID003_M015_J015;minla_fav;33
1215;ID003_M015_J015;minla_fav;34
1485;ID003_M015_J015;minla_fav;35
1322.9999999939996;ID003_M015_J015;minla_fav;36
1179;ID003_M015_J015;minla_fav;37
1315;ID003_M015_J015;minla_fav;38
1285;ID003_M015_J015;minla_fav;39
1283;ID003_M015_J015;minla_fav;40
1423.999999996001;ID003_M015_J015;minla_fav;41
1249;ID003_M015_J015;minla_fav;42
1236;ID003_M015_J015;minla_fav;43
1608;ID003_M015_J015;minla_fav;44
1276;ID003_M015_J015;minla_fav;45
1242;ID003_M015_J015;minla_fav;46
1390.999999987002;ID003_M015_J015;minla_fav;47
1205;ID003_M015_J015;minla_fav;48
7989.999999981992;ID003_M015_J015;minla_fav;49
1189;ID003_M015_J015;minla_fav;50
1311.9999999909987;ID003_M015_J015;minla_fav;51
1258.999999999;ID003_M015_J015;minla_fav;52
1184;ID003_M015_J015;minla_fav;53
1199.0000000000002;ID003_M015_J015;minla_fav;54
1177.0000000000002;ID003_M015_J015;minla_fav;55
1185.0000000000002;ID003_M015_J015;minla_fav;56
1267.9999999920001;ID003_M015_J015;minla_fav;57
1211.0000000000002;ID003_M015_J015;minla_fav;58
1308;ID003_M015_J015;minla_fav;59
1197.0000000000002;ID003_M015_J015;minla_fav;60
1272.9999999920001;ID003_M015_J015;minla_fav;61
1293;ID003_M015_J015;minla_fav;62
1240;ID003_M015_J015;minla_fav;63
1326.9999999900001;ID003_M015_J015;minla_fav;64
1453.999999990001;ID003_M015_J015;minla_fav;65
1179;ID003_M015_J015;minla_fav;66
1175;ID003_M015_J015;minla_fav;67
1311.9999999899997;ID003_M015_J015;minla_fav;68
1198.0000000000002;ID003_M015_J015;minla_fav;69
1172;ID003_M015_J015;minla_fav;1
1240;ID003_M015_J015;manne;1
1262;ID003_M015_J015;manne;2
1214.9999999999993;ID003_M015_J015;manne;3
1532.9999999849997;ID003_M015_J015;manne;4
1199;ID003_M015_J015;manne;5
1184;ID003_M015_J015;manne;6
1317;ID003_M015_J015;manne;7
1192;ID003_M015_J015;manne;8
1214.9999999999993;ID003_M015_J015;manne;9
1510;ID003_M015_J015;manne;10
1276;ID003_M015_J015;manne;11
1457.9999999999989;ID003_M015_J015;manne;12
1182;ID003_M015_J015;manne;13
1214.9999999999993;ID003_M015_J015;manne;14
1263;ID003_M015_J015;manne;15
1200;ID003_M015_J015;manne;16
1240;ID003_M015_J015;manne;17
1292;ID003_M015_J015;manne;18
1405;ID003_M015_J015;manne;19
8244.9999999999982;ID003_M015_J015;manne;20
1383;ID003_M015_J015;manne;21
1423;ID003_M015_J015;manne;22
1253;ID003_M015_J015;manne;23
1181;ID003_M015_J015;manne;24
1277;ID003_M015_J015;manne;25
1249;ID003_M015_J015;manne;26
7869.999999965984;ID003_M015_J015;manne;27
1172.9999998820997;ID003_M015_J015;manne;28
1243.9999999900001;ID003_M015_J015;manne;29
1457.9999999999989;ID003_M015_J015;manne;30
1443.9999999999998;ID003_M015_J015;manne;31
1490.9999999830013;ID003_M015_J015;manne;32
1616;ID003_M015_J015;manne;33
1411.9999999999991;ID003_M015_J015;manne;34
1246.999999996;ID003_M015_J015;manne;35
1501.9999999850033;ID003_M015_J015;manne;36
1432.9999999999995;ID003_M015_J015;manne;37
1189;ID003_M015_J015;manne;38
1389.9999999999998;ID003_M015_J015;manne;39
1179;ID003_M015_J015;manne;40
1334.9999999999995;ID003_M015_J015;manne;41
1319.9999999999995;ID003_M015_J015;manne;42
1479.9999999999991;ID003_M015_J015;manne;43
1282;ID003_M015_J015;manne;44
1174;ID003_M015_J015;manne;45
1269;ID003_M015_J015;manne;46
1602.9999999890001;ID003_M015_J015;manne;47
1288.9999999999989;ID003_M015_J015;manne;48
1275;ID003_M015_J015;manne;49
1459;ID003_M015_J015;manne;50
1240;ID003_M015_J015;manne;51
1772;ID003_M015_J015;manne;52
1214.9999999999993;ID003_M015_J015;manne;53
1370.9999999999995;ID003_M015_J015;manne;54
1283;ID003_M015_J015;manne;55
1194;ID003_M015_J015;manne;56
1240;ID003_M015_J015;manne;57
1187;ID003_M015_J015;manne;58
1195;ID003_M015_J015;manne;59
1286;ID003_M015_J015;manne;60
1240;ID003_M015_J015;manne;61
1349;ID003_M015_J015;manne;62
1211;ID003_M015_J015;manne;63
1287;ID003_M015_J015;manne;64
1348;ID003_M015_J015;manne;65
1272;ID003_M015_J015;manne;66
1436.9999999999998;ID003_M015_J015;manne;67
1180;ID003_M015_J015;manne;68
1179;ID003_M015_J015;manne;69
1485;ID003_M015_J015;manne;70
1188;ID003_M015_J015;manne;71
1184;ID003_M015_J015;manne;72
1171.999999996;ID003_M015_J015;manne;73
1355;ID003_M015_J015;manne;74
1240;ID003_M015_J015;manne;75
1172;ID003_M015_J015;manne;1
1282.9999999950001;ID005_M015_J015;minla_fav;1
1283.999999998;ID005_M015_J015;minla_fav;2
1241;ID005_M015_J015;minla_fav;3
1497.9999999989973;ID005_M015_J015;minla_fav;4
1189.0000000000014;ID005_M015_J015;minla_fav;5
1237;ID005_M015_J015;minla_fav;6
1219;ID005_M015_J015;minla_fav;7
1349.9999999999998;ID005_M015_J015;minla_fav;8
1230;ID005_M015_J015;minla_fav;9
1242;ID005_M015_J015;minla_fav;10
1179.9999999890001;ID005_M015_J015;minla_fav;11
1496;ID005_M015_J015;minla_fav;12
1316.999999998;ID005_M015_J015;minla_fav;13
1456.9999999949996;ID005_M015_J015;minla_fav;14
1216;ID005_M015_J015;minla_fav;15
1244;ID005_M015_J015;minla_fav;16
1175;ID005_M015_J015;minla_fav;17
1286.9999999920001;ID005_M015_J015;minla_fav;18
1239;ID005_M015_J015;minla_fav;19
1282.9999999950001;ID005_M015_J015;minla_fav;20
1347;ID005_M015_J015;minla_fav;21
1403;ID005_M015_J015;minla_fav;22
9494;ID005_M015_J015;minla_fav;23
1389;ID005_M015_J015;minla_fav;24
1409.999999998;ID005_M015_J015;minla_fav;25
1282.9999999950001;ID005_M015_J015;minla_fav;26
1185;ID005_M015_J015;minla_fav;27
1214.0000000000014;ID005_M015_J015;minla_fav;28
1318.9999999999964;ID005_M015_J015;minla_fav;29
1282.9999999950001;ID005_M015_J015;minla_fav;30
9421;ID005_M015_J015;minla_fav;31
1204;ID005_M015_J015;minla_fav;32
1282.9999999950001;ID005_M015_J015;minla_fav;33
1183;ID005_M015_J015;minla_fav;34
1457.9999999909996;ID005_M015_J015;minla_fav;35
1442.9999999879997;ID005_M015_J015;minla_fav;36
1470.999999998;ID005_M015_J015;minla_fav;37
1543;ID005_M015_J015;minla_fav;38
1405.9999999880004;ID005_M015_J015;minla_fav;39
1180.9999999910001;ID005_M015_J015;minla_fav;40
1282.9999999950001;ID005_M015_J015;minla_fav;41
1480.999999998;ID005_M015_J015;minla_fav;42
1424.9999999880004;ID005_M015_J015;minla_fav;43
1223;ID005_M015_J015;minla_fav;44
1399.0000000000005;ID005_M015_J015;minla_fav;45
1210;ID005_M015_J015;minla_fav;46
1176;ID005_M015_J015;minla_fav;47
1166.0000000000002;ID005_M015_J015;minla_fav;48
1357.9999999999998;ID005_M015_J015;minla_fav;49
1374.0000000000002;ID005_M015_J015;minla_fav;50
1187;ID005_M015_J015;minla_fav;51
1193;ID005_M015_J015;minla_fav;52
1462.999999999;ID005_M015_J015;minla_fav;53
1168;ID005_M015_J015;minla_fav;54
1320;ID005_M015_J015;minla_fav;55
1190;ID005_M015_J015;minla_fav;56
1165;ID005_M015_J015;minla_fav;57
1162;ID005_M015_J015;minla_fav;58
1173;ID005_M015_J015;minla_fav;59
1206;ID005_M015_J015;minla_fav;60
1289;ID005_M015_J015;minla_fav;61
1515;ID005_M015_J015;minla_fav;62
1178;ID005_M015_J015;minla_fav;63
1344;ID005_M015_J015;minla_fav;64
1313.999999998;ID005_M015_J015;minla_fav;65
1458.9999999959989;ID005_M015_J015;minla_fav;66
1267;ID005_M015_J015;minla_fav;67
1174.0000000000002;ID005_M015_J015;minla_fav;68
1549;ID005_M015_J015;minla_fav;69
1186;ID005_M015_J015;minla_fav;70
1182.0000000000002;ID005_M015_J015;minla_fav;71
1170;ID005_M015_J015;minla_fav;72
1240;ID005_M015_J015;minla_fav;73
1383;ID005_M015_J015;minla_fav;74
1323.999999998;ID005_M015_J015;minla_fav;75
1234;ID005_M015_J015;minla_fav;76
1257;ID005_M015_J015;minla_fav;77
1221;ID005_M015_J015;minla_fav;78
1235;ID005_M015_J015;minla_fav;79
1329.999999998;ID005_M015_J015;minla_fav;80
1282.9999999950001;ID005_M015_J015;minla_fav;81
1366;ID005_M015_J015;minla_fav;82
1246;ID005_M015_J015;minla_fav;83
1338;ID005_M015_J015;minla_fav;84
1195;ID005_M015_J015;minla_fav;85
1362;ID005_M015_J015;minla_fav;86
1309.999999997;ID005_M015_J015;minla_fav;87
1434.9999999949996;ID005_M015_J015;minla_fav;88
1212;ID005_M015_J015;minla_fav;89
1209;ID005_M015_J015;minla_fav;90
1466.9999999949996;ID005_M015_J015;minla_fav;91
1222;ID005_M015_J015;minla_fav;92
1217;ID005_M015_J015;minla_fav;93
1201;ID005_M015_J015;minla_fav;94
1164;ID005_M015_J015;minla_fav;95
1379.9999999999998;ID005_M015_J015;minla_fav;96
1249;ID005_M015_J015;minla_fav;97
1162;ID005_M015_J015;minla_fav;1
1266;ID005_M015_J015;manne;1
1286.9999999999998;ID005_M015_J015;manne;2
1223;ID005_M015_J015;manne;3
1591;ID005_M015_J015;manne;4
1184;ID005_M015_J015;manne;5
1220.999999999;ID005_M015_J015;manne;6
1206;ID005_M015_J015;manne;7
1321;ID005_M015_J015;manne;8
1213;ID005_M015_J015;manne;9
1226;ID005_M015_J015;manne;10
1173.0000000000002;ID005_M015_J015;manne;11
1581;ID005_M015_J015;manne;12
1299;ID005_M015_J015;manne;13
1436;ID005_M015_J015;manne;14
1201;ID005_M015_J015;manne;15
1238;ID005_M015_J015;manne;16
1168;ID005_M015_J015;manne;17
1291.9999999999991;ID005_M015_J015;manne;18
1221;ID005_M015_J015;manne;19
1270.0000000000007;ID005_M015_J015;manne;20
1319.9999999999998;ID005_M015_J015;manne;21
1376.0000000000005;ID005_M015_J015;manne;22
9521;ID005_M015_J015;manne;23
1334;ID005_M015_J015;manne;24
1409;ID005_M015_J015;manne;25
1281.0000000000005;ID005_M015_J015;manne;26
1175.9999999999964;ID005_M015_J015;manne;27
1200;ID005_M015_J015;manne;28
1299.9999999999998;ID005_M015_J015;manne;29
1277.9999999999995;ID005_M015_J015;manne;30
9421;ID005_M015_J015;manne;31
1191;ID005_M015_J015;manne;32
1271;ID005_M015_J015;manne;33
1175;ID005_M015_J015;manne;34
1481;ID005_M015_J015;manne;35
1433;ID005_M015_J015;manne;36
1524;ID005_M015_J015;manne;37
1612;ID005_M015_J015;manne;38
1404;ID005_M015_J015;manne;39
1173.0000000000002;ID005_M015_J015;manne;40
1275;ID005_M015_J015;manne;41
1525;ID005_M015_J015;manne;42
1415.9999999990005;ID005_M015_J015;manne;43
1212;ID005_M015_J015;manne;44
1334;ID005_M015_J015;manne;45
1197;ID005_M015_J015;manne;46
1171.9999999999998;ID005_M015_J015;manne;47
1163.0000000000002;ID005_M015_J015;manne;48
1322.0000000000007;ID005_M015_J015;manne;49
1322;ID005_M015_J015;manne;50
1178;ID005_M015_J015;manne;51
1188.0000000000002;ID005_M015_J015;manne;52
1509;ID005_M015_J015;manne;53
1163.0000000000002;ID005_M015_J015;manne;54
1301;ID005_M015_J015;manne;55
1187;ID005_M015_J015;manne;56
1166;ID005_M015_J015;manne;57
1191.9999999999998;ID005_M015_J015;manne;58
1293.0000000000005;ID005_M015_J015;manne;59
1604;ID005_M015_J015;manne;60
1171.9999999999998;ID005_M015_J015;manne;61
1317.9999999999993;ID005_M015_J015;manne;62
1297.0000000000005;ID005_M015_J015;manne;63
1494;ID005_M015_J015;manne;64
1263;ID005_M015_J015;manne;65
1168;ID005_M015_J015;manne;66
9190.9999999669853;ID005_M015_J015;manne;67
1177;ID005_M015_J015;manne;68
1174;ID005_M015_J015;manne;69
1164;ID005_M015_J015;manne;70
1222;ID005_M015_J015;manne;71
1327.9999999999995;ID005_M015_J015;manne;72
1302;ID005_M015_J015;manne;73
1219;ID005_M015_J015;manne;74
1256;ID005_M015_J015;manne;75
1209;ID005_M015_J015;manne;76
1220;ID005_M015_J015;manne;77
1314.9999999999998;ID005_M015_J015;manne;78
1267;ID005_M015_J015;manne;79
1327;ID005_M015_J015;manne;80
1240;ID005_M015_J015;manne;81
1316;ID005_M015_J015;manne;82
1188.0000000000002;ID005_M015_J015;manne;83
1323;ID005_M015_J015;manne;84
1295.0000000000014;ID005_M015_J015;manne;85
1419;ID005_M015_J015;manne;86
1198;ID005_M015_J015;manne;87
1195;ID005_M015_J015;manne;88
1510;ID005_M015_J015;manne;89
1210;ID005_M015_J015;manne;90
1203;ID005_M015_J015;manne;91
1189;ID005_M015_J015;manne;92
1327.0000000000007;ID005_M015_J015;manne;93
1243.9999999950001;ID005_M015_J015;manne;94
1162;ID005_M015_J015;manne;1
1308.9999999999998;ID006_M015_J015;minla_fav;1
1323;ID006_M015_J015;minla_fav;2
1294;ID006_M015_J015;minla_fav;3
1499.9999999959991;ID006_M015_J015;minla_fav;4
1250;ID006_M015_J015;minla_fav;5
1290.0000000000002;ID006_M015_J015;minla_fav;6
1275;ID006_M015_J015;minla_fav;7
1359;ID006_M015_J015;minla_fav;8
1283;ID006_M015_J015;minla_fav;9
1295.0000000000007;ID006_M015_J015;minla_fav;10
1489.9999999929996;ID006_M015_J015;minla_fav;11
1334;ID006_M015_J015;minla_fav;12
1465;ID006_M015_J015;minla_fav;13
1271;ID006_M015_J015;minla_fav;14
1296;ID006_M015_J015;minla_fav;15
1325;ID006_M015_J015;minla_fav;16
1292.9999999999998;ID006_M015_J015;minla_fav;17
1315.9999999999998;ID006_M015_J015;minla_fav;18
1358;ID006_M015_J015;minla_fav;19
1414;ID006_M015_J015;minla_fav;20
8957;ID006_M015_J015;minla_fav;21
1403;ID006_M015_J015;minla_fav;22
1436.999999996;ID006_M015_J015;minla_fav;23
1322;ID006_M015_J015;minla_fav;24
1244;ID006_M015_J015;minla_fav;25
1269.9999999999998;ID006_M015_J015;minla_fav;26
1336;ID006_M015_J015;minla_fav;27
1321;ID006_M015_J015;minla_fav;28
8621;ID006_M015_J015;minla_fav;29
1260;ID006_M015_J015;minla_fav;30
1316.0000000000005;ID006_M015_J015;minla_fav;31
1243;ID006_M015_J015;minla_fav;32
1465;ID006_M015_J015;minla_fav;33
1460.9999999959982;ID006_M015_J015;minla_fav;34
1477;ID006_M015_J015;minla_fav;35
1748.9999999920005;ID006_M015_J015;minla_fav;36
1421.999999997;ID006_M015_J015;minla_fav;37
1319;ID006_M015_J015;minla_fav;38
1488.9999999929996;ID006_M015_J015;minla_fav;39
1444;ID006_M015_J015;minla_fav;40
1279;ID006_M015_J015;minla_fav;41
1411.999999997;ID006_M015_J015;minla_fav;42
1266;ID006_M015_J015;minla_fav;43
1403;ID006_M015_J015;minla_fav;44
1360;ID006_M015_J015;minla_fav;45
1249.0000000000005;ID006_M015_J015;minla_fav;46
1255;ID006_M015_J015;minla_fav;47
1472;ID006_M015_J015;minla_fav;48
1338;ID006_M015_J015;minla_fav;49
1252;ID006_M015_J015;minla_fav;50
1261.9999999949996;ID006_M015_J015;minla_fav;51
1325.999999999;ID006_M015_J015;minla_fav;52
1689.9999999920005;ID006_M015_J015;minla_fav;53
1350;ID006_M015_J015;minla_fav;54
1332;ID006_M015_J015;minla_fav;55
1468.999999990285;ID006_M015_J015;minla_fav;56
1303;ID006_M015_J015;minla_fav;57
1753;ID006_M015_J015;minla_fav;58
1249.0000000000005;ID006_M015_J015;minla_fav;59
1292.9999999999998;ID006_M015_J015;minla_fav;60
1403;ID006_M015_J015;minla_fav;61
1343;ID006_M015_J015;minla_fav;62
1287;ID006_M015_J015;minla_fav;63
1302;ID006_M015_J015;minla_fav;64
1276;ID006_M015_J015;minla_fav;65
1289;ID006_M015_J015;minla_fav;66
1346;ID006_M015_J015;minla_fav;67
1309.9999999999998;ID006_M015_J015;minla_fav;68
1403;ID006_M015_J015;minla_fav;69
1301;ID006_M015_J015;minla_fav;70
1348;ID006_M015_J015;minla_fav;71
1257;ID006_M015_J015;minla_fav;72
1403;ID006_M015_J015;minla_fav;73
1329;ID006_M015_J015;minla_fav;74
1447;ID006_M015_J015;minla_fav;75
1269.9999999999998;ID006_M015_J015;minla_fav;76
1261.9999999949996;ID006_M015_J015;minla_fav;77
1474.9999999929983;ID006_M015_J015;minla_fav;78
1278;ID006_M015_J015;minla_fav;79
1274;ID006_M015_J015;minla_fav;80
1258;ID006_M015_J015;minla_fav;81
1403;ID006_M015_J015;minla_fav;82
1301;ID006_M015_J015;minla_fav;83
1243;ID006_M015_J015;minla_fav;1
1332.999999997;ID006_M015_J015;manne;1
1355.9999998408098;ID006_M015_J015;manne;2
1294;ID006_M015_J015;manne;3
1757;ID006_M015_J015;manne;4
1249.0000000000007;ID006_M015_J015;manne;5
1290.9999999999998;ID006_M015_J015;manne;6
1271;ID006_M015_J015;manne;7
1462.9999999999989;ID006_M015_J015;manne;8
1283;ID006_M015_J015;manne;9
1296;ID006_M015_J015;manne;10
1746.9999999999991;ID006_M015_J015;manne;11
1443;ID006_M015_J015;manne;12
1566;ID006_M015_J015;manne;13
1268;ID006_M015_J015;manne;14
1299.0000000000005;ID006_M015_J015;manne;15
1360.9999999910001;ID006_M015_J015;manne;16
1292.0000000000002;ID006_M015_J015;manne;17
1332.999999997;ID006_M015_J015;manne;18
1462;ID006_M015_J015;manne;19
1532.9999999730051;ID006_M015_J015;manne;20
9525.9999999999982;ID006_M015_J015;manne;21
1529.9999999950007;ID006_M015_J015;manne;22
1538.9999999950007;ID006_M015_J015;manne;23
1354.9999998408098;ID006_M015_J015;manne;24
1242.9999999999995;ID006_M015_J015;manne;25
1266;ID006_M015_J015;manne;26
1443;ID006_M015_J015;manne;27
1352.9999998408098;ID006_M015_J015;manne;28
8957;ID006_M015_J015;manne;29
1254;ID006_M015_J015;manne;30
1335.9999998408098;ID006_M015_J015;manne;31
1652.9999999999995;ID006_M015_J015;manne;32
1549.9999999910001;ID006_M015_J015;manne;33
1728;ID006_M015_J015;manne;34
1826.9999999669958;ID006_M015_J015;manne;35
1533.9999999959994;ID006_M015_J015;manne;36
1338.9999998408098;ID006_M015_J015;manne;37
1730.9999999979993;ID006_M015_J015;manne;38
1541.9999999939992;ID006_M015_J015;manne;39
1275.9999999999995;ID006_M015_J015;manne;40
1530.9999999990002;ID006_M015_J015;manne;41
1263;ID006_M015_J015;manne;42
1468;ID006_M015_J015;manne;43
1463.9999999999995;ID006_M015_J015;manne;44
1247;ID006_M015_J015;manne;45
1251;ID006_M015_J015;manne;46
1711.9999999999998;ID006_M015_J015;manne;47
1443;ID006_M015_J015;manne;48
1249.0000000000007;ID006_M015_J015;manne;49
1259.0000000000014;ID006_M015_J015;manne;50
1368;ID006_M015_J015;manne;51
1815;ID006_M015_J015;manne;52
1460;ID006_M015_J015;manne;53
1443;ID006_M015_J015;manne;54
1669.9999998258968;ID006_M015_J015;manne;55
1332.999999997;ID006_M015_J015;manne;56
8552.9999999719876;ID006_M015_J015;manne;57
1244;ID006_M015_J015;manne;58
1293;ID006_M015_J015;manne;59
1525.9999999910005;ID006_M015_J015;manne;60
1443;ID006_M015_J015;manne;61
1283.9999999999998;ID006_M015_J015;manne;62
1304;ID006_M015_J015;manne;63
1273;ID006_M015_J015;manne;64
1287;ID006_M015_J015;manne;65
1448;ID006_M015_J015;manne;66
1329;ID006_M015_J015;manne;67
1486;ID006_M015_J015;manne;68
1300;ID006_M015_J015;manne;69
1458.0000000000007;ID006_M015_J015;manne;70
1252;ID006_M015_J015;manne;71
1479;ID006_M015_J015;manne;72
1374;ID006_M015_J015;manne;73
1543.9999999939992;ID006_M015_J015;manne;74
1265.0000000000007;ID006_M015_J015;manne;75
1261;ID006_M015_J015;manne;76
1725.9999999999989;ID006_M015_J015;manne;77
1275;ID006_M015_J015;manne;78
1270.9999998649048;ID006_M015_J015;manne;79
1253;ID006_M015_J015;manne;80
1489.9999999950007;ID006_M015_J015;manne;81
1301;ID006_M015_J015;manne;82
1243;ID006_M015_J015;manne;1
1211;ID007_M015_J015;minla_fav;1
1238;ID007_M015_J015;minla_fav;2
1198;ID007_M015_J015;minla_fav;3
1526;ID007_M015_J015;minla_fav;4
1195;ID007_M015_J015;minla_fav;5
1182;ID007_M015_J015;minla_fav;6
1285.999999997;ID007_M015_J015;minla_fav;7
1192;ID007_M015_J015;minla_fav;8
1200;ID007_M015_J015;minla_fav;9
1447;ID007_M015_J015;minla_fav;10
1257;ID007_M015_J015;minla_fav;11
1374.9999999959987;ID007_M015_J015;minla_fav;12
1201;ID007_M015_J015;minla_fav;13
1239;ID007_M015_J015;minla_fav;14
1196.0000000000005;ID007_M015_J015;minla_fav;15
1216;ID007_M015_J015;minla_fav;16
1278;ID007_M015_J015;minla_fav;17
1333;ID007_M015_J015;minla_fav;18
8870;ID007_M015_J015;minla_fav;19
1322;ID007_M015_J015;minla_fav;20
1356;ID007_M015_J015;minla_fav;21
1232;ID007_M015_J015;minla_fav;22
1261;ID007_M015_J015;minla_fav;23
1229;ID007_M015_J015;minla_fav;24
8497;ID007_M015_J015;minla_fav;25
1217;ID007_M015_J015;minla_fav;26
1375.9999999949987;ID007_M015_J015;minla_fav;27
1369;ID007_M015_J015;minla_fav;28
1394;ID007_M015_J015;minla_fav;29
1545;ID007_M015_J015;minla_fav;30
1341.9999999999989;ID007_M015_J015;minla_fav;31
1218;ID007_M015_J015;minla_fav;32
1396;ID007_M015_J015;minla_fav;33
1367;ID007_M015_J015;minla_fav;34
1189;ID007_M015_J015;minla_fav;35
1322.9999999999998;ID007_M015_J015;minla_fav;36
1312;ID007_M015_J015;minla_fav;37
1293;ID007_M015_J015;minla_fav;38
1389;ID007_M015_J015;minla_fav;39
1264;ID007_M015_J015;minla_fav;40
1248;ID007_M015_J015;minla_fav;41
1526.9999999979991;ID007_M015_J015;minla_fav;42
1274;ID007_M015_J015;minla_fav;43
1256;ID007_M015_J015;minla_fav;44
1378.9999999870001;ID007_M015_J015;minla_fav;45
1210;ID007_M015_J015;minla_fav;46
1729;ID007_M015_J015;minla_fav;47
1197;ID007_M015_J015;minla_fav;48
1320;ID007_M015_J015;minla_fav;49
1266;ID007_M015_J015;minla_fav;50
1193;ID007_M015_J015;minla_fav;51
1205;ID007_M015_J015;minla_fav;52
1183;ID007_M015_J015;minla_fav;53
1194;ID007_M015_J015;minla_fav;54
1269;ID007_M015_J015;minla_fav;55
1214;ID007_M015_J015;minla_fav;56
1316;ID007_M015_J015;minla_fav;57
1202;ID007_M015_J015;minla_fav;58
1270;ID007_M015_J015;minla_fav;59
1315.9999999999993;ID007_M015_J015;minla_fav;60
1249;ID007_M015_J015;minla_fav;61
1368;ID007_M015_J015;minla_fav;62
1393;ID007_M015_J015;minla_fav;63
1185;ID007_M015_J015;minla_fav;64
1181;ID007_M015_J015;minla_fav;65
1317;ID007_M015_J015;minla_fav;66
1204;ID007_M015_J015;minla_fav;67
1181.0000000000005;ID007_M015_J015;minla_fav;1
1284;ID007_M015_J015;manne;1
1296.999999997;ID007_M015_J015;manne;2
1266;ID007_M015_J015;manne;3
1720;ID007_M015_J015;manne;4
1218;ID007_M015_J015;manne;5
1248;ID007_M015_J015;manne;6
1237;ID007_M015_J015;manne;7
1398.9999999999993;ID007_M015_J015;manne;8
1242;ID007_M015_J015;manne;9
1269;ID007_M015_J015;manne;10
1202.9999998503042;ID007_M015_J015;manne;11
1632;ID007_M015_J015;manne;12
1327;ID007_M015_J015;manne;13
1524;ID007_M015_J015;manne;14
1233;ID007_M015_J015;manne;15
1271;ID007_M015_J015;manne;16
1197.9999998503042;ID007_M015_J015;manne;17
1302.999999997;ID007_M015_J015;manne;18
1262;ID007_M015_J015;manne;19
1286;ID007_M015_J015;manne;20
1393.9999999999995;ID007_M015_J015;manne;21
1483;ID007_M015_J015;manne;22
9125.9999999999982;ID007_M015_J015;manne;23
1464.9999999989996;ID007_M015_J015;manne;24
1494;ID007_M015_J015;manne;25
1295;ID007_M015_J015;manne;26
1210;ID007_M015_J015;manne;27
1228;ID007_M015_J015;manne;28
1331;ID007_M015_J015;manne;29
1290;ID007_M015_J015;manne;30
8807.9999999839911;ID007_M015_J015;manne;31
1221.999999997;ID007_M015_J015;manne;32
1288;ID007_M015_J015;manne;33
1204;ID007_M015_J015;manne;34
1525;ID007_M015_J015;manne;35
1514.9999999999993;ID007_M015_J015;manne;36
1594.999999998;ID007_M015_J015;manne;37
1765;ID007_M015_J015;manne;38
1487;ID007_M015_J015;manne;39
1182.0000000000018;ID007_M015_J015;manne;40
1203;ID007_M015_J015;manne;41
1289;ID007_M015_J015;manne;42
1628.999999998;ID007_M015_J015;manne;43
1500;ID007_M015_J015;manne;44
1241;ID007_M015_J015;manne;45
1471.9999999989996;ID007_M015_J015;manne;46
1226;ID007_M015_J015;manne;47
1198;ID007_M015_J015;manne;48
1189;ID007_M015_J015;manne;49
1422.0000000000002;ID007_M015_J015;manne;50
1401.9999999999991;ID007_M015_J015;manne;51
1214;ID007_M015_J015;manne;52
1220.9999999830004;ID007_M015_J015;manne;53
1546.9999999990009;ID007_M015_J015;manne;54
1192;ID007_M015_J015;manne;55
1337;ID007_M015_J015;manne;56
1220;ID007_M015_J015;manne;57
1189;ID007_M015_J015;manne;58
1184;ID007_M015_J015;manne;59
1194;ID007_M015_J015;manne;60
1223;ID007_M015_J015;manne;61
1309;ID007_M015_J015;manne;62
1759;ID007_M015_J015;manne;63
1199;ID007_M015_J015;manne;64
1393.9999999999995;ID007_M015_J015;manne;65
1321.999999999;ID007_M015_J015;manne;66
1543;ID007_M015_J015;manne;67
1282;ID007_M015_J015;manne;68
1197.9999998503042;ID007_M015_J015;manne;69
1886;ID007_M015_J015;manne;70
1212;ID007_M015_J015;manne;71
1203.9999998503044;ID007_M015_J015;manne;72
1192.9999998503044;ID007_M015_J015;manne;73
1263;ID007_M015_J015;manne;74
1507.9999999999998;ID007_M015_J015;manne;75
1371.9999999999995;ID007_M015_J015;manne;76
1243;ID007_M015_J015;manne;77
1278;ID007_M015_J015;manne;78
1239;ID007_M015_J015;manne;79
1247;ID007_M015_J015;manne;80
1377.9999999999998;ID007_M015_J015;manne;81
1285;ID007_M015_J015;manne;82
1437.0000000000005;ID007_M015_J015;manne;83
1274;ID007_M015_J015;manne;84
1382.9999999999989;ID007_M015_J015;manne;85
1220.9999999890001;ID007_M015_J015;manne;86
1432.0000000000005;ID007_M015_J015;manne;87
1318.9999999840002;ID007_M015_J015;manne;88
1508;ID007_M015_J015;manne;89
1227;ID007_M015_J015;manne;90
1225;ID007_M015_J015;manne;91
1181;ID007_M015_J015;manne;92
1551.9999999990009;ID007_M015_J015;manne;93
1240;ID007_M015_J015;manne;94
1235;ID007_M015_J015;manne;95
1221;ID007_M015_J015;manne;96
1188;ID007_M015_J015;manne;97
1438.9999999999995;ID007_M015_J015;manne;98
1275;ID007_M015_J015;manne;99
1184;ID007_M015_J015;manne;100
1181;ID007_M015_J015;manne;1
1314.999999999;ID009_M015_J015;minla_fav;1
1361.0000000000005;ID009_M015_J015;minla_fav;2
1271;ID009_M015_J015;minla_fav;3
1628;ID009_M015_J015;minla_fav;4
1216;ID009_M015_J015;minla_fav;5
1262;ID009_M015_J015;minla_fav;6
1249;ID009_M015_J015;minla_fav;7
1398;ID009_M015_J015;minla_fav;8
1254;ID009_M015_J015;minla_fav;9
1274;ID009_M015_J015;minla_fav;10
1624;ID009_M015_J015;minla_fav;11
1360;ID009_M015_J015;minla_fav;12
1474.9999999919992;ID009_M015_J015;minla_fav;13
1244;ID009_M015_J015;minla_fav;14
1276;ID009_M015_J015;minla_fav;15
1361.0000000000005;ID009_M015_J015;minla_fav;16
1268;ID009_M015_J015;minla_fav;17
1318.999999999;ID009_M015_J015;minla_fav;18
1395;ID009_M015_J015;minla_fav;19
1458;ID009_M015_J015;minla_fav;20
8943;ID009_M015_J015;minla_fav;21
1451;ID009_M015_J015;minla_fav;22
1463;ID009_M015_J015;minla_fav;23
1361.0000000000005;ID009_M015_J015;minla_fav;24
1207;ID009_M015_J015;minla_fav;25
1242;ID009_M015_J015;minla_fav;26
1363;ID009_M015_J015;minla_fav;27
1361.0000000000005;ID009_M015_J015;minla_fav;28
8278.9999999839929;ID009_M015_J015;minla_fav;29
1233;ID009_M015_J015;minla_fav;30
1322;ID009_M015_J015;minla_fav;31
1206;ID009_M015_J015;minla_fav;32
1478.9999999959996;ID009_M015_J015;minla_fav;33
1466.9999999909978;ID009_M015_J015;minla_fav;34
1600;ID009_M015_J015;minla_fav;35
1734;ID009_M015_J015;minla_fav;36
1460;ID009_M015_J015;minla_fav;37
1337.9999999999998;ID009_M015_J015;minla_fav;38
1611.9999999920001;ID009_M015_J015;minla_fav;39
1465;ID009_M015_J015;minla_fav;40
1252;ID009_M015_J015;minla_fav;41
1452;ID009_M015_J015;minla_fav;42
1236;ID009_M015_J015;minla_fav;43
1406;ID009_M015_J015;minla_fav;44
1404;ID009_M015_J015;minla_fav;45
1215;ID009_M015_J015;minla_fav;46
1224;ID009_M015_J015;minla_fav;47
1530;ID009_M015_J015;minla_fav;48
1363;ID009_M015_J015;minla_fav;49
1223;ID009_M015_J015;minla_fav;50
1234;ID009_M015_J015;minla_fav;51
1361.0000000000005;ID009_M015_J015;minla_fav;52
1667;ID009_M015_J015;minla_fav;53
1393;ID009_M015_J015;minla_fav;54
1357.0000000000014;ID009_M015_J015;minla_fav;55
1480.9999999939998;ID009_M015_J015;minla_fav;56
1309.9999999950001;ID009_M015_J015;minla_fav;57
8101.9999999859938;ID009_M015_J015;minla_fav;58
1215;ID009_M015_J015;minla_fav;59
1270;ID009_M015_J015;minla_fav;60
1445;ID009_M015_J015;minla_fav;61
1368;ID009_M015_J015;minla_fav;62
1255;ID009_M015_J015;minla_fav;63
1299.9999999999998;ID009_M015_J015;minla_fav;64
1250;ID009_M015_J015;minla_fav;65
1258;ID009_M015_J015;minla_fav;66
1387;ID009_M015_J015;minla_fav;67
1315.9999999920001;ID009_M015_J015;minla_fav;68
1422;ID009_M015_J015;minla_fav;69
1280;ID009_M015_J015;minla_fav;70
1390;ID009_M015_J015;minla_fav;71
1232;ID009_M015_J015;minla_fav;72
1413;ID009_M015_J015;minla_fav;73
1361.0000000000005;ID009_M015_J015;minla_fav;74
1466.999999987996;ID009_M015_J015;minla_fav;75
1240;ID009_M015_J015;minla_fav;76
1235;ID009_M015_J015;minla_fav;77
1597;ID009_M015_J015;minla_fav;78
1251;ID009_M015_J015;minla_fav;79
1246;ID009_M015_J015;minla_fav;80
1232;ID009_M015_J015;minla_fav;81
1444;ID009_M015_J015;minla_fav;82
1286.999999996;ID009_M015_J015;minla_fav;83
1206;ID009_M015_J015;minla_fav;1
1330;ID009_M015_J015;manne;1
1352;ID009_M015_J015;manne;2
1280;ID009_M015_J015;manne;3
1610.9999999889969;ID009_M015_J015;manne;4
1235;ID009_M015_J015;manne;5
1278;ID009_M015_J015;manne;6
1261.9999999999998;ID009_M015_J015;manne;7
1413.9999999999993;ID009_M015_J015;manne;8
1267;ID009_M015_J015;manne;9
1282.0000000000002;ID009_M015_J015;manne;10
1220;ID009_M015_J015;manne;11
1609.9999999880006;ID009_M015_J015;manne;12
1358;ID009_M015_J015;manne;13
1512.9999999989982;ID009_M015_J015;manne;14
1259.9999999999998;ID009_M015_J015;manne;15
1294;ID009_M015_J015;manne;16
1215.9999999999998;ID009_M015_J015;manne;17
1355.9999998597013;ID009_M015_J015;manne;18
1278;ID009_M015_J015;manne;19
1335;ID009_M015_J015;manne;20
1413.0000000000005;ID009_M015_J015;manne;21
1459;ID009_M015_J015;manne;22
9175.9999999999982;ID009_M015_J015;manne;23
1448.0000000000016;ID009_M015_J015;manne;24
1466;ID009_M015_J015;manne;25
1348;ID009_M015_J015;manne;26
1229;ID009_M015_J015;manne;27
1253.9999999999998;ID009_M015_J015;manne;28
1365.9999997104023;ID009_M015_J015;manne;29
1344;ID009_M015_J015;manne;30
8942.9999999999982;ID009_M015_J015;manne;31
1248.0000000000007;ID009_M015_J015;manne;32
1338;ID009_M015_J015;manne;33
1227.9999999999998;ID009_M015_J015;manne;34
1512.9999999989982;ID009_M015_J015;manne;35
1512.9999999989982;ID009_M015_J015;manne;36
1589.9999999999995;ID009_M015_J015;manne;37
1705;ID009_M015_J015;manne;38
1460;ID009_M015_J015;manne;39
1224.0000000000005;ID009_M015_J015;manne;40
1340;ID009_M015_J015;manne;41
1605.0000000000036;ID009_M015_J015;manne;42
1473;ID009_M015_J015;manne;43
1264;ID009_M015_J015;manne;44
1456.0000000000002;ID009_M015_J015;manne;45
1251;ID009_M015_J015;manne;46
1217.9999999999998;ID009_M015_J015;manne;47
1205.9999999999998;ID009_M015_J015;manne;48
1428.0000000000011;ID009_M015_J015;manne;49
1416.9999999999995;ID009_M015_J015;manne;50
1233.9999999999986;ID009_M015_J015;manne;51
1241;ID009_M015_J015;manne;52
1525;ID009_M015_J015;manne;53
1209.0000000000002;ID009_M015_J015;manne;54
1368;ID009_M015_J015;manne;55
1239.9999999960016;ID009_M015_J015;manne;56
1214;ID009_M015_J015;manne;57
1249.0000000000002;ID009_M015_J015;manne;58
1355.9999998597013;ID009_M015_J015;manne;59
1679;ID009_M015_J015;manne;60
1219;ID009_M015_J015;manne;61
1411;ID009_M015_J015;manne;62
1355.9999998597013;ID009_M015_J015;manne;63
1512.9999999989982;ID009_M015_J015;manne;64
1324.000000000002;ID009_M015_J015;manne;65
1214.9999999979998;ID009_M015_J015;manne;66
8920.9999999709853;ID009_M015_J015;manne;67
1232.9999999999998;ID009_M015_J015;manne;68
1224.9999999999998;ID009_M015_J015;manne;69
1211.0000000000002;ID009_M015_J015;manne;70
1278;ID009_M015_J015;manne;71
1446.0000000000005;ID009_M015_J015;manne;72
1390.999999850701;ID009_M015_J015;manne;73
1270;ID009_M015_J015;manne;74
1322;ID009_M015_J015;manne;75
1262;ID009_M015_J015;manne;76
1271;ID009_M015_J015;manne;77
1392;ID009_M015_J015;manne;78
1331;ID009_M015_J015;manne;79
1432.0000000000005;ID009_M015_J015;manne;80
1297;ID009_M015_J015;manne;81
1393;ID009_M015_J015;manne;82
1242;ID009_M015_J015;manne;83
1429.9999999999995;ID009_M015_J015;manne;84
1355.9999998597013;ID009_M015_J015;manne;85
1476;ID009_M015_J015;manne;86
1251.9999999999998;ID009_M015_J015;manne;87
1250.9999997391033;ID009_M015_J015;manne;88
1540;ID009_M015_J015;manne;89
1263;ID009_M015_J015;manne;90
1261;ID009_M015_J015;manne;91
1244.999999993998;ID009_M015_J015;manne;92
1443.9999999999995;ID009_M015_J015;manne;93
1302;ID009_M015_J015;manne;94
